Country Name,Country Code,Classification Name,Classification Code,Series Name,Series Code,2017 [YR2017]
Afghanistan,AFG,Market exchange rate (US$ = 1),EXR,SP.EXCHG.RATE.ICP:Exchange Rate Value,SP.EXCHG.RATE.ICP,68.0269040822312
Albania,ALB,Market exchange rate (US$ = 1),EXR,SP.EXCHG.RATE.ICP:Exchange Rate Value,SP.EXCHG.RATE.ICP,118.748340267328
Algeria,DZA,Market exchange rate (US$ = 1),EXR,SP.EXCHG.RATE.ICP:Exchange Rate Value,SP.EXCHG.RATE.ICP,110.973016666667
American Samoa,ASM,Market exchange rate (US$ = 1),EXR,SP.EXCHG.RATE.ICP:Exchange Rate Value,SP.EXCHG.RATE.ICP,1
Angola,AGO,Market exchange rate (US$ = 1),EXR,SP.EXCHG.RATE.ICP:Exchange Rate Value,SP.EXCHG.RATE.ICP,165.915950691498
Anguilla,AIA,Market exchange rate (US$ = 1),EXR,SP.EXCHG.RATE.ICP:Exchange Rate Value,SP.EXCHG.RATE.ICP,2.7
Antigua and Barbuda,ATG,Market exchange rate (US$ = 1),EXR,SP.EXCHG.RATE.ICP:Exchange Rate Value,SP.EXCHG.RATE.ICP,2.7
Argentina,ARG,Market exchange rate (US$ = 1),EXR,SP.EXCHG.RATE.ICP:Exchange Rate Value,SP.EXCHG.RATE.ICP,16.5630878600487
Armenia,ARM,Market exchange rate (US$ = 1),EXR,SP.EXCHG.RATE.ICP:Exchange Rate Value,SP.EXCHG.RATE.ICP,482.72
Aruba,ABW,Market exchange rate (US$ = 1),EXR,SP.EXCHG.RATE.ICP:Exchange Rate Value,SP.EXCHG.RATE.ICP,1.79
Australia,AUS,Market exchange rate (US$ = 1),EXR,SP.EXCHG.RATE.ICP:Exchange Rate Value,SP.EXCHG.RATE.ICP,1.304758
Austria,AUT,Market exchange rate (US$ = 1),EXR,SP.EXCHG.RATE.ICP:Exchange Rate Value,SP.EXCHG.RATE.ICP,0.88519075860848
Azerbaijan,AZE,Market exchange rate (US$ = 1),EXR,SP.EXCHG.RATE.ICP:Exchange Rate Value,SP.EXCHG.RATE.ICP,1.7211
"Bahamas, The",BHS,Market exchange rate (US$ = 1),EXR,SP.EXCHG.RATE.ICP:Exchange Rate Value,SP.EXCHG.RATE.ICP,1
Bahrain,BHR,Market exchange rate (US$ = 1),EXR,SP.EXCHG.RATE.ICP:Exchange Rate Value,SP.EXCHG.RATE.ICP,0.376
Bangladesh,BGD,Market exchange rate (US$ = 1),EXR,SP.EXCHG.RATE.ICP:Exchange Rate Value,SP.EXCHG.RATE.ICP,80.4375416666667
Barbados,BRB,Market exchange rate (US$ = 1),EXR,SP.EXCHG.RATE.ICP:Exchange Rate Value,SP.EXCHG.RATE.ICP,2
Belarus,BLR,Market exchange rate (US$ = 1),EXR,SP.EXCHG.RATE.ICP:Exchange Rate Value,SP.EXCHG.RATE.ICP,1.9318
Belgium,BEL,Market exchange rate (US$ = 1),EXR,SP.EXCHG.RATE.ICP:Exchange Rate Value,SP.EXCHG.RATE.ICP,0.88519075860848
Belize,BLZ,Market exchange rate (US$ = 1),EXR,SP.EXCHG.RATE.ICP:Exchange Rate Value,SP.EXCHG.RATE.ICP,2
Benin,BEN,Market exchange rate (US$ = 1),EXR,SP.EXCHG.RATE.ICP:Exchange Rate Value,SP.EXCHG.RATE.ICP,582.074857964167
Bermuda,BMU,Market exchange rate (US$ = 1),EXR,SP.EXCHG.RATE.ICP:Exchange Rate Value,SP.EXCHG.RATE.ICP,1
Bhutan,BTN,Market exchange rate (US$ = 1),EXR,SP.EXCHG.RATE.ICP:Exchange Rate Value,SP.EXCHG.RATE.ICP,65.1215686450659
Bolivia,BOL,Market exchange rate (US$ = 1),EXR,SP.EXCHG.RATE.ICP:Exchange Rate Value,SP.EXCHG.RATE.ICP,6.96
Bonaire,BON,Market exchange rate (US$ = 1),EXR,SP.EXCHG.RATE.ICP:Exchange Rate Value,SP.EXCHG.RATE.ICP,1
Bosnia and Herzegovina,BIH,Market exchange rate (US$ = 1),EXR,SP.EXCHG.RATE.ICP:Exchange Rate Value,SP.EXCHG.RATE.ICP,1.73128264140922
Botswana,BWA,Market exchange rate (US$ = 1),EXR,SP.EXCHG.RATE.ICP:Exchange Rate Value,SP.EXCHG.RATE.ICP,10.3474208771597
Brazil,BRA,Market exchange rate (US$ = 1),EXR,SP.EXCHG.RATE.ICP:Exchange Rate Value,SP.EXCHG.RATE.ICP,3.19138333333333
Brunei Darussalam,BRN,Market exchange rate (US$ = 1),EXR,SP.EXCHG.RATE.ICP:Exchange Rate Value,SP.EXCHG.RATE.ICP,1.38089116405281
Bulgaria,BGR,Market exchange rate (US$ = 1),EXR,SP.EXCHG.RATE.ICP:Exchange Rate Value,SP.EXCHG.RATE.ICP,1.73125608568647
Burkina Faso,BFA,Market exchange rate (US$ = 1),EXR,SP.EXCHG.RATE.ICP:Exchange Rate Value,SP.EXCHG.RATE.ICP,582.074857964167
Burundi,BDI,Market exchange rate (US$ = 1),EXR,SP.EXCHG.RATE.ICP:Exchange Rate Value,SP.EXCHG.RATE.ICP,1729.055
Cabo Verde,CPV,Market exchange rate (US$ = 1),EXR,SP.EXCHG.RATE.ICP:Exchange Rate Value,SP.EXCHG.RATE.ICP,97.7990141800611
Cambodia,KHM,Market exchange rate (US$ = 1),EXR,SP.EXCHG.RATE.ICP:Exchange Rate Value,SP.EXCHG.RATE.ICP,4050.5799859191
Cameroon,CMR,Market exchange rate (US$ = 1),EXR,SP.EXCHG.RATE.ICP:Exchange Rate Value,SP.EXCHG.RATE.ICP,582.074857964167
Canada,CAN,Market exchange rate (US$ = 1),EXR,SP.EXCHG.RATE.ICP:Exchange Rate Value,SP.EXCHG.RATE.ICP,1.297737
Cayman Islands,CYM,Market exchange rate (US$ = 1),EXR,SP.EXCHG.RATE.ICP:Exchange Rate Value,SP.EXCHG.RATE.ICP,0.83333
Central African Republic,CAF,Market exchange rate (US$ = 1),EXR,SP.EXCHG.RATE.ICP:Exchange Rate Value,SP.EXCHG.RATE.ICP,582.074857964167
Chad,TCD,Market exchange rate (US$ = 1),EXR,SP.EXCHG.RATE.ICP:Exchange Rate Value,SP.EXCHG.RATE.ICP,582.074857964167
Chile,CHL,Market exchange rate (US$ = 1),EXR,SP.EXCHG.RATE.ICP:Exchange Rate Value,SP.EXCHG.RATE.ICP,648.833793
China,CHN,Market exchange rate (US$ = 1),EXR,SP.EXCHG.RATE.ICP:Exchange Rate Value,SP.EXCHG.RATE.ICP,6.75875508633597
Colombia,COL,Market exchange rate (US$ = 1),EXR,SP.EXCHG.RATE.ICP:Exchange Rate Value,SP.EXCHG.RATE.ICP,2951.327402
Comoros,COM,Market exchange rate (US$ = 1),EXR,SP.EXCHG.RATE.ICP:Exchange Rate Value,SP.EXCHG.RATE.ICP,436.570912612231
"Congo, Dem. Rep.",COD,Market exchange rate (US$ = 1),EXR,SP.EXCHG.RATE.ICP:Exchange Rate Value,SP.EXCHG.RATE.ICP,1464.41793163743
"Congo, Rep.",COG,Market exchange rate (US$ = 1),EXR,SP.EXCHG.RATE.ICP:Exchange Rate Value,SP.EXCHG.RATE.ICP,582.074857964167
Cook Islands,COK,Market exchange rate (US$ = 1),EXR,SP.EXCHG.RATE.ICP:Exchange Rate Value,SP.EXCHG.RATE.ICP,1.407408
Costa Rica,CRI,Market exchange rate (US$ = 1),EXR,SP.EXCHG.RATE.ICP:Exchange Rate Value,SP.EXCHG.RATE.ICP,567.51309
C�te d'Ivoire,CIV,Market exchange rate (US$ = 1),EXR,SP.EXCHG.RATE.ICP:Exchange Rate Value,SP.EXCHG.RATE.ICP,582.074857964167
Croatia,HRV,Market exchange rate (US$ = 1),EXR,SP.EXCHG.RATE.ICP:Exchange Rate Value,SP.EXCHG.RATE.ICP,6.60679826502611
Cuba,CUB,Market exchange rate (US$ = 1),EXR,SP.EXCHG.RATE.ICP:Exchange Rate Value,SP.EXCHG.RATE.ICP,1
Cura�ao,CUW,Market exchange rate (US$ = 1),EXR,SP.EXCHG.RATE.ICP:Exchange Rate Value,SP.EXCHG.RATE.ICP,1.79
Cyprus,CYP,Market exchange rate (US$ = 1),EXR,SP.EXCHG.RATE.ICP:Exchange Rate Value,SP.EXCHG.RATE.ICP,0.88519075860848
Czech Republic,CZE,Market exchange rate (US$ = 1),EXR,SP.EXCHG.RATE.ICP:Exchange Rate Value,SP.EXCHG.RATE.ICP,23.3035319111269
Denmark,DNK,Market exchange rate (US$ = 1),EXR,SP.EXCHG.RATE.ICP:Exchange Rate Value,SP.EXCHG.RATE.ICP,6.58457997698504
Djibouti,DJI,Market exchange rate (US$ = 1),EXR,SP.EXCHG.RATE.ICP:Exchange Rate Value,SP.EXCHG.RATE.ICP,177.72
Dominica,DMA,Market exchange rate (US$ = 1),EXR,SP.EXCHG.RATE.ICP:Exchange Rate Value,SP.EXCHG.RATE.ICP,2.7
Dominican Republic,DOM,Market exchange rate (US$ = 1),EXR,SP.EXCHG.RATE.ICP:Exchange Rate Value,SP.EXCHG.RATE.ICP,47.5368
East Asia & Pacific (ICP),EAB,Market exchange rate (US$ = 1),EXR,SP.EXCHG.RATE.ICP:Exchange Rate Value,SP.EXCHG.RATE.ICP,..
Ecuador,ECU,Market exchange rate (US$ = 1),EXR,SP.EXCHG.RATE.ICP:Exchange Rate Value,SP.EXCHG.RATE.ICP,1
"Egypt, Arab Rep.",EGY,Market exchange rate (US$ = 1),EXR,SP.EXCHG.RATE.ICP:Exchange Rate Value,SP.EXCHG.RATE.ICP,17.8467
El Salvador,SLV,Market exchange rate (US$ = 1),EXR,SP.EXCHG.RATE.ICP:Exchange Rate Value,SP.EXCHG.RATE.ICP,1
Equatorial Guinea,GNQ,Market exchange rate (US$ = 1),EXR,SP.EXCHG.RATE.ICP:Exchange Rate Value,SP.EXCHG.RATE.ICP,582.074857964167
Eritrea,ERI,Market exchange rate (US$ = 1),EXR,SP.EXCHG.RATE.ICP:Exchange Rate Value,SP.EXCHG.RATE.ICP,15.375
Estonia,EST,Market exchange rate (US$ = 1),EXR,SP.EXCHG.RATE.ICP:Exchange Rate Value,SP.EXCHG.RATE.ICP,0.88519075860848
Eswatini,SWZ,Market exchange rate (US$ = 1),EXR,SP.EXCHG.RATE.ICP:Exchange Rate Value,SP.EXCHG.RATE.ICP,13.3337814606369
Ethiopia,ETH,Market exchange rate (US$ = 1),EXR,SP.EXCHG.RATE.ICP:Exchange Rate Value,SP.EXCHG.RATE.ICP,23.8661044574125
Europe & Central Asia (ICP),ECB,Market exchange rate (US$ = 1),EXR,SP.EXCHG.RATE.ICP:Exchange Rate Value,SP.EXCHG.RATE.ICP,..
Fiji,FJI,Market exchange rate (US$ = 1),EXR,SP.EXCHG.RATE.ICP:Exchange Rate Value,SP.EXCHG.RATE.ICP,2.06688333333333
Finland,FIN,Market exchange rate (US$ = 1),EXR,SP.EXCHG.RATE.ICP:Exchange Rate Value,SP.EXCHG.RATE.ICP,0.88519075860848
France,FRA,Market exchange rate (US$ = 1),EXR,SP.EXCHG.RATE.ICP:Exchange Rate Value,SP.EXCHG.RATE.ICP,0.88519075860848
French Polynesia,PYF,Market exchange rate (US$ = 1),EXR,SP.EXCHG.RATE.ICP:Exchange Rate Value,SP.EXCHG.RATE.ICP,105.89464283496
Gabon,GAB,Market exchange rate (US$ = 1),EXR,SP.EXCHG.RATE.ICP:Exchange Rate Value,SP.EXCHG.RATE.ICP,582.074857964167
"Gambia, The",GMB,Market exchange rate (US$ = 1),EXR,SP.EXCHG.RATE.ICP:Exchange Rate Value,SP.EXCHG.RATE.ICP,46.6075271166593
Georgia,GEO,Market exchange rate (US$ = 1),EXR,SP.EXCHG.RATE.ICP:Exchange Rate Value,SP.EXCHG.RATE.ICP,2.50954166666667
Germany,DEU,Market exchange rate (US$ = 1),EXR,SP.EXCHG.RATE.ICP:Exchange Rate Value,SP.EXCHG.RATE.ICP,0.88519075860848
Ghana,GHA,Market exchange rate (US$ = 1),EXR,SP.EXCHG.RATE.ICP:Exchange Rate Value,SP.EXCHG.RATE.ICP,4.35063333333333
Greece,GRC,Market exchange rate (US$ = 1),EXR,SP.EXCHG.RATE.ICP:Exchange Rate Value,SP.EXCHG.RATE.ICP,0.88519075860848
Grenada,GRD,Market exchange rate (US$ = 1),EXR,SP.EXCHG.RATE.ICP:Exchange Rate Value,SP.EXCHG.RATE.ICP,2.7
Guam,GUM,Market exchange rate (US$ = 1),EXR,SP.EXCHG.RATE.ICP:Exchange Rate Value,SP.EXCHG.RATE.ICP,1
Guatemala,GTM,Market exchange rate (US$ = 1),EXR,SP.EXCHG.RATE.ICP:Exchange Rate Value,SP.EXCHG.RATE.ICP,7.34376
Guinea,GIN,Market exchange rate (US$ = 1),EXR,SP.EXCHG.RATE.ICP:Exchange Rate Value,SP.EXCHG.RATE.ICP,9125.7425
Guinea-Bissau,GNB,Market exchange rate (US$ = 1),EXR,SP.EXCHG.RATE.ICP:Exchange Rate Value,SP.EXCHG.RATE.ICP,582.074857964167
Guyana,GUY,Market exchange rate (US$ = 1),EXR,SP.EXCHG.RATE.ICP:Exchange Rate Value,SP.EXCHG.RATE.ICP,212.19
Haiti,HTI,Market exchange rate (US$ = 1),EXR,SP.EXCHG.RATE.ICP:Exchange Rate Value,SP.EXCHG.RATE.ICP,63.6871
Honduras,HND,Market exchange rate (US$ = 1),EXR,SP.EXCHG.RATE.ICP:Exchange Rate Value,SP.EXCHG.RATE.ICP,23.5879
"Hong Kong SAR, China",HKG,Market exchange rate (US$ = 1),EXR,SP.EXCHG.RATE.ICP:Exchange Rate Value,SP.EXCHG.RATE.ICP,7.79325
Hungary,HUN,Market exchange rate (US$ = 1),EXR,SP.EXCHG.RATE.ICP:Exchange Rate Value,SP.EXCHG.RATE.ICP,273.692130654156
Iceland,ISL,Market exchange rate (US$ = 1),EXR,SP.EXCHG.RATE.ICP:Exchange Rate Value,SP.EXCHG.RATE.ICP,106.700894042666
India,IND,Market exchange rate (US$ = 1),EXR,SP.EXCHG.RATE.ICP:Exchange Rate Value,SP.EXCHG.RATE.ICP,65.1215686450659
Indonesia,IDN,Market exchange rate (US$ = 1),EXR,SP.EXCHG.RATE.ICP:Exchange Rate Value,SP.EXCHG.RATE.ICP,13380.8716666667
"Iran, Islamic Rep.",IRN,Market exchange rate (US$ = 1),EXR,SP.EXCHG.RATE.ICP:Exchange Rate Value,SP.EXCHG.RATE.ICP,33226.2981524127
Iraq,IRQ,Market exchange rate (US$ = 1),EXR,SP.EXCHG.RATE.ICP:Exchange Rate Value,SP.EXCHG.RATE.ICP,1256
Ireland,IRL,Market exchange rate (US$ = 1),EXR,SP.EXCHG.RATE.ICP:Exchange Rate Value,SP.EXCHG.RATE.ICP,0.88519075860848
Israel,ISR,Market exchange rate (US$ = 1),EXR,SP.EXCHG.RATE.ICP:Exchange Rate Value,SP.EXCHG.RATE.ICP,3.599556
Italy,ITA,Market exchange rate (US$ = 1),EXR,SP.EXCHG.RATE.ICP:Exchange Rate Value,SP.EXCHG.RATE.ICP,0.88519075860848
Jamaica,JAM,Market exchange rate (US$ = 1),EXR,SP.EXCHG.RATE.ICP:Exchange Rate Value,SP.EXCHG.RATE.ICP,127.9645
Japan,JPN,Market exchange rate (US$ = 1),EXR,SP.EXCHG.RATE.ICP:Exchange Rate Value,SP.EXCHG.RATE.ICP,112.166141
Jordan,JOR,Market exchange rate (US$ = 1),EXR,SP.EXCHG.RATE.ICP:Exchange Rate Value,SP.EXCHG.RATE.ICP,0.708
Kazakhstan,KAZ,Market exchange rate (US$ = 1),EXR,SP.EXCHG.RATE.ICP:Exchange Rate Value,SP.EXCHG.RATE.ICP,326
Kenya,KEN,Market exchange rate (US$ = 1),EXR,SP.EXCHG.RATE.ICP:Exchange Rate Value,SP.EXCHG.RATE.ICP,103.410916309218
Kiribati,KIR,Market exchange rate (US$ = 1),EXR,SP.EXCHG.RATE.ICP:Exchange Rate Value,SP.EXCHG.RATE.ICP,1.30475807671592
"Korea, Rep.",KOR,Market exchange rate (US$ = 1),EXR,SP.EXCHG.RATE.ICP:Exchange Rate Value,SP.EXCHG.RATE.ICP,1130.424621
Kosovo,KSV,Market exchange rate (US$ = 1),EXR,SP.EXCHG.RATE.ICP:Exchange Rate Value,SP.EXCHG.RATE.ICP,0.88519075860848
Kuwait,KWT,Market exchange rate (US$ = 1),EXR,SP.EXCHG.RATE.ICP:Exchange Rate Value,SP.EXCHG.RATE.ICP,0.303339558232932
Kyrgyzstan,KGZ,Market exchange rate (US$ = 1),EXR,SP.EXCHG.RATE.ICP:Exchange Rate Value,SP.EXCHG.RATE.ICP,68.7691275537634
Lao PDR,LAO,Market exchange rate (US$ = 1),EXR,SP.EXCHG.RATE.ICP:Exchange Rate Value,SP.EXCHG.RATE.ICP,8351.52607473031
Latin America & Caribbean (ICP),LCB,Market exchange rate (US$ = 1),EXR,SP.EXCHG.RATE.ICP:Exchange Rate Value,SP.EXCHG.RATE.ICP,..
Latvia,LVA,Market exchange rate (US$ = 1),EXR,SP.EXCHG.RATE.ICP:Exchange Rate Value,SP.EXCHG.RATE.ICP,0.88519075860848
Lebanon,LBN,Market exchange rate (US$ = 1),EXR,SP.EXCHG.RATE.ICP:Exchange Rate Value,SP.EXCHG.RATE.ICP,1507.5
Lesotho,LSO,Market exchange rate (US$ = 1),EXR,SP.EXCHG.RATE.ICP:Exchange Rate Value,SP.EXCHG.RATE.ICP,13.3337814606369
Liberia,LBR,Market exchange rate (US$ = 1),EXR,SP.EXCHG.RATE.ICP:Exchange Rate Value,SP.EXCHG.RATE.ICP,112.706666666667
Libya,LBY,Market exchange rate (US$ = 1),EXR,SP.EXCHG.RATE.ICP:Exchange Rate Value,SP.EXCHG.RATE.ICP,1.3938200108235
Lithuania,LTU,Market exchange rate (US$ = 1),EXR,SP.EXCHG.RATE.ICP:Exchange Rate Value,SP.EXCHG.RATE.ICP,0.88519075860848
Luxembourg,LUX,Market exchange rate (US$ = 1),EXR,SP.EXCHG.RATE.ICP:Exchange Rate Value,SP.EXCHG.RATE.ICP,0.88519075860848
"Macao SAR, China",MAC,Market exchange rate (US$ = 1),EXR,SP.EXCHG.RATE.ICP:Exchange Rate Value,SP.EXCHG.RATE.ICP,8.026001
Madagascar,MDG,Market exchange rate (US$ = 1),EXR,SP.EXCHG.RATE.ICP:Exchange Rate Value,SP.EXCHG.RATE.ICP,3116.11
Malawi,MWI,Market exchange rate (US$ = 1),EXR,SP.EXCHG.RATE.ICP:Exchange Rate Value,SP.EXCHG.RATE.ICP,730.2725
Malaysia,MYS,Market exchange rate (US$ = 1),EXR,SP.EXCHG.RATE.ICP:Exchange Rate Value,SP.EXCHG.RATE.ICP,4.30044087761124
Maldives,MDV,Market exchange rate (US$ = 1),EXR,SP.EXCHG.RATE.ICP:Exchange Rate Value,SP.EXCHG.RATE.ICP,15.3869685099846
Mali,MLI,Market exchange rate (US$ = 1),EXR,SP.EXCHG.RATE.ICP:Exchange Rate Value,SP.EXCHG.RATE.ICP,582.074857964167
Malta,MLT,Market exchange rate (US$ = 1),EXR,SP.EXCHG.RATE.ICP:Exchange Rate Value,SP.EXCHG.RATE.ICP,0.88519075860848
Marshall Islands,MHL,Market exchange rate (US$ = 1),EXR,SP.EXCHG.RATE.ICP:Exchange Rate Value,SP.EXCHG.RATE.ICP,1
Mauritania,MRT,Market exchange rate (US$ = 1),EXR,SP.EXCHG.RATE.ICP:Exchange Rate Value,SP.EXCHG.RATE.ICP,357.493333333333
Mauritius,MUS,Market exchange rate (US$ = 1),EXR,SP.EXCHG.RATE.ICP:Exchange Rate Value,SP.EXCHG.RATE.ICP,34.4814083333333
Mexico,MEX,Market exchange rate (US$ = 1),EXR,SP.EXCHG.RATE.ICP:Exchange Rate Value,SP.EXCHG.RATE.ICP,18.926517
"Micronesia, Federated States of",FSM,Market exchange rate (US$ = 1),EXR,SP.EXCHG.RATE.ICP:Exchange Rate Value,SP.EXCHG.RATE.ICP,1
Middle East & North Africa (ICP),MEB,Market exchange rate (US$ = 1),EXR,SP.EXCHG.RATE.ICP:Exchange Rate Value,SP.EXCHG.RATE.ICP,..
Moldova,MDA,Market exchange rate (US$ = 1),EXR,SP.EXCHG.RATE.ICP:Exchange Rate Value,SP.EXCHG.RATE.ICP,18.4902
Mongolia,MNG,Market exchange rate (US$ = 1),EXR,SP.EXCHG.RATE.ICP:Exchange Rate Value,SP.EXCHG.RATE.ICP,2439.77723707259
Montenegro,MNE,Market exchange rate (US$ = 1),EXR,SP.EXCHG.RATE.ICP:Exchange Rate Value,SP.EXCHG.RATE.ICP,0.88519075860848
Montserrat,MSR,Market exchange rate (US$ = 1),EXR,SP.EXCHG.RATE.ICP:Exchange Rate Value,SP.EXCHG.RATE.ICP,2.7
Morocco,MAR,Market exchange rate (US$ = 1),EXR,SP.EXCHG.RATE.ICP:Exchange Rate Value,SP.EXCHG.RATE.ICP,9.691
Mozambique,MOZ,Market exchange rate (US$ = 1),EXR,SP.EXCHG.RATE.ICP:Exchange Rate Value,SP.EXCHG.RATE.ICP,63.584322913399
Myanmar,MMR,Market exchange rate (US$ = 1),EXR,SP.EXCHG.RATE.ICP:Exchange Rate Value,SP.EXCHG.RATE.ICP,1360.35870704085
Namibia,NAM,Market exchange rate (US$ = 1),EXR,SP.EXCHG.RATE.ICP:Exchange Rate Value,SP.EXCHG.RATE.ICP,13.3129
Nauru,NRU,Market exchange rate (US$ = 1),EXR,SP.EXCHG.RATE.ICP:Exchange Rate Value,SP.EXCHG.RATE.ICP,1.30475807671592
Nepal,NPL,Market exchange rate (US$ = 1),EXR,SP.EXCHG.RATE.ICP:Exchange Rate Value,SP.EXCHG.RATE.ICP,104.511885242863
Netherlands,NLD,Market exchange rate (US$ = 1),EXR,SP.EXCHG.RATE.ICP:Exchange Rate Value,SP.EXCHG.RATE.ICP,0.88519075860848
New Caledonia,NCL,Market exchange rate (US$ = 1),EXR,SP.EXCHG.RATE.ICP:Exchange Rate Value,SP.EXCHG.RATE.ICP,105.89464283496
New Zealand,NZL,Market exchange rate (US$ = 1),EXR,SP.EXCHG.RATE.ICP:Exchange Rate Value,SP.EXCHG.RATE.ICP,1.407408
Nicaragua,NIC,Market exchange rate (US$ = 1),EXR,SP.EXCHG.RATE.ICP:Exchange Rate Value,SP.EXCHG.RATE.ICP,30.0509359528969
Niger,NER,Market exchange rate (US$ = 1),EXR,SP.EXCHG.RATE.ICP:Exchange Rate Value,SP.EXCHG.RATE.ICP,582.074857964167
Nigeria,NGA,Market exchange rate (US$ = 1),EXR,SP.EXCHG.RATE.ICP:Exchange Rate Value,SP.EXCHG.RATE.ICP,305.790109160005
Niue,NIU,Market exchange rate (US$ = 1),EXR,SP.EXCHG.RATE.ICP:Exchange Rate Value,SP.EXCHG.RATE.ICP,1.407408
North America (ICP),NAB,Market exchange rate (US$ = 1),EXR,SP.EXCHG.RATE.ICP:Exchange Rate Value,SP.EXCHG.RATE.ICP,..
North Macedonia,MKD,Market exchange rate (US$ = 1),EXR,SP.EXCHG.RATE.ICP:Exchange Rate Value,SP.EXCHG.RATE.ICP,54.5053554040896
Northern Mariana Islands,MNP,Market exchange rate (US$ = 1),EXR,SP.EXCHG.RATE.ICP:Exchange Rate Value,SP.EXCHG.RATE.ICP,1
Norway,NOR,Market exchange rate (US$ = 1),EXR,SP.EXCHG.RATE.ICP:Exchange Rate Value,SP.EXCHG.RATE.ICP,8.25617420554129
Oman,OMN,Market exchange rate (US$ = 1),EXR,SP.EXCHG.RATE.ICP:Exchange Rate Value,SP.EXCHG.RATE.ICP,0.3845
Pakistan,PAK,Market exchange rate (US$ = 1),EXR,SP.EXCHG.RATE.ICP:Exchange Rate Value,SP.EXCHG.RATE.ICP,105.455162087938
Palau,PLW,Market exchange rate (US$ = 1),EXR,SP.EXCHG.RATE.ICP:Exchange Rate Value,SP.EXCHG.RATE.ICP,1
Panama,PAN,Market exchange rate (US$ = 1),EXR,SP.EXCHG.RATE.ICP:Exchange Rate Value,SP.EXCHG.RATE.ICP,1
Papua New Guinea,PNG,Market exchange rate (US$ = 1),EXR,SP.EXCHG.RATE.ICP:Exchange Rate Value,SP.EXCHG.RATE.ICP,3.18878838289617
Paraguay,PRY,Market exchange rate (US$ = 1),EXR,SP.EXCHG.RATE.ICP:Exchange Rate Value,SP.EXCHG.RATE.ICP,5562.27599535747
Peru,PER,Market exchange rate (US$ = 1),EXR,SP.EXCHG.RATE.ICP:Exchange Rate Value,SP.EXCHG.RATE.ICP,3.26
Philippines,PHL,Market exchange rate (US$ = 1),EXR,SP.EXCHG.RATE.ICP:Exchange Rate Value,SP.EXCHG.RATE.ICP,50.4037197937177
Poland,POL,Market exchange rate (US$ = 1),EXR,SP.EXCHG.RATE.ICP:Exchange Rate Value,SP.EXCHG.RATE.ICP,3.7682570593963
Portugal,PRT,Market exchange rate (US$ = 1),EXR,SP.EXCHG.RATE.ICP:Exchange Rate Value,SP.EXCHG.RATE.ICP,0.88519075860848
Puerto Rico,PRI,Market exchange rate (US$ = 1),EXR,SP.EXCHG.RATE.ICP:Exchange Rate Value,SP.EXCHG.RATE.ICP,1
Qatar,QAT,Market exchange rate (US$ = 1),EXR,SP.EXCHG.RATE.ICP:Exchange Rate Value,SP.EXCHG.RATE.ICP,3.65
Romania,ROU,Market exchange rate (US$ = 1),EXR,SP.EXCHG.RATE.ICP:Exchange Rate Value,SP.EXCHG.RATE.ICP,4.04425953793042
Russian Federation,RUS,Market exchange rate (US$ = 1),EXR,SP.EXCHG.RATE.ICP:Exchange Rate Value,SP.EXCHG.RATE.ICP,58.342801
Rwanda,RWA,Market exchange rate (US$ = 1),EXR,SP.EXCHG.RATE.ICP:Exchange Rate Value,SP.EXCHG.RATE.ICP,831.530786891955
Samoa,WSM,Market exchange rate (US$ = 1),EXR,SP.EXCHG.RATE.ICP:Exchange Rate Value,SP.EXCHG.RATE.ICP,2.55437711641037
San Marino,SMR,Market exchange rate (US$ = 1),EXR,SP.EXCHG.RATE.ICP:Exchange Rate Value,SP.EXCHG.RATE.ICP,0.887397421095652
S�o Tom� and Principe,STP,Market exchange rate (US$ = 1),EXR,SP.EXCHG.RATE.ICP:Exchange Rate Value,SP.EXCHG.RATE.ICP,21.7411383607116
Saudi Arabia,SAU,Market exchange rate (US$ = 1),EXR,SP.EXCHG.RATE.ICP:Exchange Rate Value,SP.EXCHG.RATE.ICP,3.75
Senegal,SEN,Market exchange rate (US$ = 1),EXR,SP.EXCHG.RATE.ICP:Exchange Rate Value,SP.EXCHG.RATE.ICP,582.074857964167
Serbia,SRB,Market exchange rate (US$ = 1),EXR,SP.EXCHG.RATE.ICP:Exchange Rate Value,SP.EXCHG.RATE.ICP,107.40612552005
Seychelles,SYC,Market exchange rate (US$ = 1),EXR,SP.EXCHG.RATE.ICP:Exchange Rate Value,SP.EXCHG.RATE.ICP,13.6478416666667
Sierra Leone,SLE,Market exchange rate (US$ = 1),EXR,SP.EXCHG.RATE.ICP:Exchange Rate Value,SP.EXCHG.RATE.ICP,7384.43222248692
Singapore,SGP,Market exchange rate (US$ = 1),EXR,SP.EXCHG.RATE.ICP:Exchange Rate Value,SP.EXCHG.RATE.ICP,1.380925
Sint Maarten,SXM,Market exchange rate (US$ = 1),EXR,SP.EXCHG.RATE.ICP:Exchange Rate Value,SP.EXCHG.RATE.ICP,1.79
Slovakia,SVK,Market exchange rate (US$ = 1),EXR,SP.EXCHG.RATE.ICP:Exchange Rate Value,SP.EXCHG.RATE.ICP,0.88519075860848
Slovenia,SVN,Market exchange rate (US$ = 1),EXR,SP.EXCHG.RATE.ICP:Exchange Rate Value,SP.EXCHG.RATE.ICP,0.88519075860848
Solomon Islands,SLB,Market exchange rate (US$ = 1),EXR,SP.EXCHG.RATE.ICP:Exchange Rate Value,SP.EXCHG.RATE.ICP,7.88739036909183
Somalia,SOM,Market exchange rate (US$ = 1),EXR,SP.EXCHG.RATE.ICP:Exchange Rate Value,SP.EXCHG.RATE.ICP,23097.9873219373
South Africa,ZAF,Market exchange rate (US$ = 1),EXR,SP.EXCHG.RATE.ICP:Exchange Rate Value,SP.EXCHG.RATE.ICP,13.3337814606369
South Asia (ICP),SAB,Market exchange rate (US$ = 1),EXR,SP.EXCHG.RATE.ICP:Exchange Rate Value,SP.EXCHG.RATE.ICP,..
South Sudan,SSD,Market exchange rate (US$ = 1),EXR,SP.EXCHG.RATE.ICP:Exchange Rate Value,SP.EXCHG.RATE.ICP,113.6475
Spain,ESP,Market exchange rate (US$ = 1),EXR,SP.EXCHG.RATE.ICP:Exchange Rate Value,SP.EXCHG.RATE.ICP,0.88519075860848
Sri Lanka,LKA,Market exchange rate (US$ = 1),EXR,SP.EXCHG.RATE.ICP:Exchange Rate Value,SP.EXCHG.RATE.ICP,152.446413948767
St. Kitts and Nevis,KNA,Market exchange rate (US$ = 1),EXR,SP.EXCHG.RATE.ICP:Exchange Rate Value,SP.EXCHG.RATE.ICP,2.7
St. Lucia,LCA,Market exchange rate (US$ = 1),EXR,SP.EXCHG.RATE.ICP:Exchange Rate Value,SP.EXCHG.RATE.ICP,2.7
St. Vincent and the Grenadines,VCT,Market exchange rate (US$ = 1),EXR,SP.EXCHG.RATE.ICP:Exchange Rate Value,SP.EXCHG.RATE.ICP,2.7
Sub-Saharan Africa (ICP),SSB,Market exchange rate (US$ = 1),EXR,SP.EXCHG.RATE.ICP:Exchange Rate Value,SP.EXCHG.RATE.ICP,..
Sudan,SDN,Market exchange rate (US$ = 1),EXR,SP.EXCHG.RATE.ICP:Exchange Rate Value,SP.EXCHG.RATE.ICP,20.13
Suriname,SUR,Market exchange rate (US$ = 1),EXR,SP.EXCHG.RATE.ICP:Exchange Rate Value,SP.EXCHG.RATE.ICP,7.55
Sweden,SWE,Market exchange rate (US$ = 1),EXR,SP.EXCHG.RATE.ICP:Exchange Rate Value,SP.EXCHG.RATE.ICP,8.52890147826857
Switzerland,CHE,Market exchange rate (US$ = 1),EXR,SP.EXCHG.RATE.ICP:Exchange Rate Value,SP.EXCHG.RATE.ICP,0.984066566345047
Syrian Arab Republic,SYR,Market exchange rate (US$ = 1),EXR,SP.EXCHG.RATE.ICP:Exchange Rate Value,SP.EXCHG.RATE.ICP,492.610833333333
"Taiwan, China",TWN,Market exchange rate (US$ = 1),EXR,SP.EXCHG.RATE.ICP:Exchange Rate Value,SP.EXCHG.RATE.ICP,30.4424166666667
Tajikistan,TJK,Market exchange rate (US$ = 1),EXR,SP.EXCHG.RATE.ICP:Exchange Rate Value,SP.EXCHG.RATE.ICP,8.5497
Tanzania,TZA,Market exchange rate (US$ = 1),EXR,SP.EXCHG.RATE.ICP:Exchange Rate Value,SP.EXCHG.RATE.ICP,2228.85762899348
Thailand,THA,Market exchange rate (US$ = 1),EXR,SP.EXCHG.RATE.ICP:Exchange Rate Value,SP.EXCHG.RATE.ICP,33.9398110566858
Timor-Leste,TLS,Market exchange rate (US$ = 1),EXR,SP.EXCHG.RATE.ICP:Exchange Rate Value,SP.EXCHG.RATE.ICP,1
Togo,TGO,Market exchange rate (US$ = 1),EXR,SP.EXCHG.RATE.ICP:Exchange Rate Value,SP.EXCHG.RATE.ICP,582.074857964167
Tokelau,TKL,Market exchange rate (US$ = 1),EXR,SP.EXCHG.RATE.ICP:Exchange Rate Value,SP.EXCHG.RATE.ICP,1.407408
Tonga,TON,Market exchange rate (US$ = 1),EXR,SP.EXCHG.RATE.ICP:Exchange Rate Value,SP.EXCHG.RATE.ICP,2.2059726971784
Trinidad and Tobago,TTO,Market exchange rate (US$ = 1),EXR,SP.EXCHG.RATE.ICP:Exchange Rate Value,SP.EXCHG.RATE.ICP,6.7795
Tunisia,TUN,Market exchange rate (US$ = 1),EXR,SP.EXCHG.RATE.ICP:Exchange Rate Value,SP.EXCHG.RATE.ICP,2.419425
Turkey,TUR,Market exchange rate (US$ = 1),EXR,SP.EXCHG.RATE.ICP:Exchange Rate Value,SP.EXCHG.RATE.ICP,3.648133
Turkmenistan,TKM,Market exchange rate (US$ = 1),EXR,SP.EXCHG.RATE.ICP:Exchange Rate Value,SP.EXCHG.RATE.ICP,3.5
Turks and Caicos Islands,TCA,Market exchange rate (US$ = 1),EXR,SP.EXCHG.RATE.ICP:Exchange Rate Value,SP.EXCHG.RATE.ICP,1
Tuvalu,TUV,Market exchange rate (US$ = 1),EXR,SP.EXCHG.RATE.ICP:Exchange Rate Value,SP.EXCHG.RATE.ICP,1.3047580767
Uganda,UGA,Market exchange rate (US$ = 1),EXR,SP.EXCHG.RATE.ICP:Exchange Rate Value,SP.EXCHG.RATE.ICP,3611.22445804461
Ukraine,UKR,Market exchange rate (US$ = 1),EXR,SP.EXCHG.RATE.ICP:Exchange Rate Value,SP.EXCHG.RATE.ICP,26.5966063
United Arab Emirates,ARE,Market exchange rate (US$ = 1),EXR,SP.EXCHG.RATE.ICP:Exchange Rate Value,SP.EXCHG.RATE.ICP,3.6725
United Kingdom,GBR,Market exchange rate (US$ = 1),EXR,SP.EXCHG.RATE.ICP:Exchange Rate Value,SP.EXCHG.RATE.ICP,0.776020182349296
United States,USA,Market exchange rate (US$ = 1),EXR,SP.EXCHG.RATE.ICP:Exchange Rate Value,SP.EXCHG.RATE.ICP,1
Uruguay,URY,Market exchange rate (US$ = 1),EXR,SP.EXCHG.RATE.ICP:Exchange Rate Value,SP.EXCHG.RATE.ICP,28.6763900713333
Uzbekistan,UZB,Market exchange rate (US$ = 1),EXR,SP.EXCHG.RATE.ICP:Exchange Rate Value,SP.EXCHG.RATE.ICP,4999.02
Vanuatu,VUT,Market exchange rate (US$ = 1),EXR,SP.EXCHG.RATE.ICP:Exchange Rate Value,SP.EXCHG.RATE.ICP,107.820833333333
"Venezuela, RB",VEN,Market exchange rate (US$ = 1),EXR,SP.EXCHG.RATE.ICP:Exchange Rate Value,SP.EXCHG.RATE.ICP,..
Vietnam,VNM,Market exchange rate (US$ = 1),EXR,SP.EXCHG.RATE.ICP:Exchange Rate Value,SP.EXCHG.RATE.ICP,22370.0866666667
"Virgin Islands, British",VGB,Market exchange rate (US$ = 1),EXR,SP.EXCHG.RATE.ICP:Exchange Rate Value,SP.EXCHG.RATE.ICP,1
Wallis and Futuna,WLF,Market exchange rate (US$ = 1),EXR,SP.EXCHG.RATE.ICP:Exchange Rate Value,SP.EXCHG.RATE.ICP,105.89464283496
West Bank and Gaza,PSE,Market exchange rate (US$ = 1),EXR,SP.EXCHG.RATE.ICP:Exchange Rate Value,SP.EXCHG.RATE.ICP,3.6
WORLD,WLD,Market exchange rate (US$ = 1),EXR,SP.EXCHG.RATE.ICP:Exchange Rate Value,SP.EXCHG.RATE.ICP,..
Yemen,YEM,Market exchange rate (US$ = 1),EXR,SP.EXCHG.RATE.ICP:Exchange Rate Value,SP.EXCHG.RATE.ICP,..
Zambia,ZMB,Market exchange rate (US$ = 1),EXR,SP.EXCHG.RATE.ICP:Exchange Rate Value,SP.EXCHG.RATE.ICP,9.51950141981807
Zimbabwe,ZWE,Market exchange rate (US$ = 1),EXR,SP.EXCHG.RATE.ICP:Exchange Rate Value,SP.EXCHG.RATE.ICP,1
